id,project_id,license
1,1,CC0
2,2,CC0
3,3,CC0
4,4,CC0
5,5,CC0
6,6,CC0
7,7,CC0
8,8,CC0
9,9,CC0
10,10,CC0
11,11,CC0
12,12,CC0
13,13,CC0
14,14,CC0
15,15,CC0
16,16,CC0
17,17,CC0
18,18,CC0
19,19,CC0
20,20,CC0
21,21,CC0
22,22,CC0
23,23,CC0
24,24,CC0
25,25,CC0
26,26,CC0
27,27,CC0
28,28,CC0
29,29,CC0
30,30,CC0
31,31,CC0
32,32,CC0
33,33,CC0
34,34,CC0
35,35,CC0
36,36,CC0
37,37,CC0
38,38,CC0
39,39,CC0
40,40,CC0
41,41,CC0
42,42,CC0
43,43,CC0
44,44,CC0
45,45,CC0
46,46,CC0
47,47,CC0
48,48,CC0
49,49,CC0
50,50,CC0
51,51,CC0
52,52,CC0
53,53,CC0
54,54,CC0
55,55,CC0
56,56,CC0
57,57,CC0
58,58,CC0
59,59,CC0
60,60,CC0
61,61,CC0
62,62,CC0
63,63,CC0
64,64,CC0
65,65,CC0
66,66,CC0
67,67,CC0
68,68,CC0
69,69,CC0
70,70,CC0
71,71,CC0
72,72,CC0
73,73,CC0
74,74,CC0
75,75,CC0
76,76,CC0
77,77,CC0
78,78,CC0
79,79,CC0
80,80,CC0
81,81,CC0
82,82,CC0
83,83,CC0
84,84,CC0
85,85,CC0
86,86,CC0
87,87,CC0
88,88,CC0
89,89,CC0
90,90,CC0
91,91,CC0
92,92,CC0
93,93,CC0
94,94,CC0
95,95,CC0
96,96,CC0
97,97,CC0
98,98,CC0
99,99,CC0
100,100,CC0
101,101,CC0
102,102,CC0
103,103,CC0
104,104,CC0
105,105,CC0
106,106,CC0
107,107,CC0
108,108,CC0
109,109,CC0
110,110,CC0
111,111,CC0
112,112,CC0
113,113,CC0
114,114,CC0
115,115,CC0
116,116,CC0
117,117,CC0
118,118,CC0
119,119,CC0
120,120,CC0
121,121,CC0
122,122,CC0
123,123,CC0
124,124,CC0
125,125,CC0
126,126,CC0
127,127,CC0
128,128,CC0
129,129,CC0
130,130,CC0
131,131,CC0
132,132,CC0
133,133,CC0
134,134,CC0
135,135,CC0
136,136,CC0
137,137,CC0
138,138,CC0
139,139,CC0
140,140,CC0
141,141,CC0
142,142,CC0
143,143,CC0
144,144,CC0
145,145,CC0
146,146,CC0
147,147,CC0
148,148,CC0
149,149,CC0
150,150,CC0
151,151,CC0
152,152,CC0
153,153,CC0
154,154,CC0
155,155,CC0
156,156,CC0
157,157,CC0
158,158,CC0
159,159,CC0
160,160,CC0
161,161,CC0
162,162,CC0
163,163,CC0
164,164,CC0
165,165,CC0
166,166,CC0
167,167,CC0
168,168,CC0
169,169,CC0
170,170,CC0
171,171,CC0
172,172,CC0
173,173,CC0
174,174,CC0
175,175,CC0
176,176,CC0
177,177,CC0
178,178,CC0
179,179,CC0
180,180,CC0
181,181,CC0
182,182,CC0
183,183,CC0
184,184,CC0
185,185,CC0
186,186,CC0
187,187,CC0
188,188,CC0
189,189,CC0
190,190,CC0
191,191,CC0
192,192,CC0
193,193,CC0
194,194,CC0
195,195,CC0
196,196,CC0
197,197,CC0
198,198,CC0
199,199,CC0
200,200,CC0
201,201,CC0
202,202,CC0
203,203,CC0
204,204,CC0
205,205,CC0
206,206,CC0
207,207,CC0
208,208,CC0
209,209,CC0
210,210,CC0
211,211,CC0
212,212,CC0
213,213,CC0
214,214,CC0
215,215,CC0
216,216,CC0
217,217,CC0
218,218,CC0
219,219,CC0
220,220,CC0
221,221,CC0
222,222,CC0
223,223,CC0
224,224,CC0
225,225,CC0
226,226,CC0
227,227,CC0
228,228,CC0
229,229,CC0
230,230,CC0
231,231,CC0
232,232,CC0
233,233,CC0
234,234,CC0
235,235,CC0
236,236,CC0
237,237,CC0
238,238,CC0
239,239,CC0
240,240,CC0
241,241,CC0
242,242,CC0
243,243,CC0
244,244,CC0
245,245,CC0
246,246,CC0
247,247,CC0
248,248,Tietoarkiston ja aineiston luovuttajan tekemän sopimuksen mukaisesti. | In accordance with the agreement between FSD and the depositor.
249,249,Tietoarkiston ja aineiston luovuttajan tekemän sopimuksen mukaisesti. | In accordance with the agreement between FSD and the depositor.
250,250,Tietoarkiston ja aineiston luovuttajan tekemän sopimuksen mukaisesti. | In accordance with the agreement between FSD and the depositor.
251,251,Tietoarkiston ja aineiston luovuttajan tekemän sopimuksen mukaisesti. | In accordance with the agreement between FSD and the depositor.
252,252,Tietoarkiston ja aineiston luovuttajan tekemän sopimuksen mukaisesti. | In accordance with the agreement between FSD and the depositor.
253,253,Tietoarkiston ja aineiston luovuttajan tekemän sopimuksen mukaisesti. | In accordance with the agreement between FSD and the depositor.
254,254,Tietoarkiston ja aineiston luovuttajan tekemän sopimuksen mukaisesti. | In accordance with the agreement between FSD and the depositor.
255,255,Tietoarkiston ja aineiston luovuttajan tekemän sopimuksen mukaisesti. | In accordance with the agreement between FSD and the depositor.
256,256,Tietoarkiston ja aineiston luovuttajan tekemän sopimuksen mukaisesti. | In accordance with the agreement between FSD and the depositor.
257,257,Tietoarkiston ja aineiston luovuttajan tekemän sopimuksen mukaisesti. | In accordance with the agreement between FSD and the depositor.
258,258,Tietoarkiston ja aineiston luovuttajan tekemän sopimuksen mukaisesti. | In accordance with the agreement between FSD and the depositor.
259,259,Tietoarkiston ja aineiston luovuttajan tekemän sopimuksen mukaisesti. | In accordance with the agreement between FSD and the depositor.
260,260,Tietoarkiston ja aineiston luovuttajan tekemän sopimuksen mukaisesti. | In accordance with the agreement between FSD and the depositor.
261,261,Tietoarkiston ja aineiston luovuttajan tekemän sopimuksen mukaisesti. | In accordance with the agreement between FSD and the depositor.
262,262,Tietoarkiston ja aineiston luovuttajan tekemän sopimuksen mukaisesti. | In accordance with the agreement between FSD and the depositor.
263,263,Tietoarkiston ja aineiston luovuttajan tekemän sopimuksen mukaisesti. | In accordance with the agreement between FSD and the depositor.
264,264,Tietoarkiston ja aineiston luovuttajan tekemän sopimuksen mukaisesti. | In accordance with the agreement between FSD and the depositor.
265,265,Tietoarkiston ja aineiston luovuttajan tekemän sopimuksen mukaisesti. | In accordance with the agreement between FSD and the depositor.
266,266,Tietoarkiston ja aineiston luovuttajan tekemän sopimuksen mukaisesti. | In accordance with the agreement between FSD and the depositor.
267,267,Tietoarkiston ja aineiston luovuttajan tekemän sopimuksen mukaisesti. | In accordance with the agreement between FSD and the depositor.
268,268,Tietoarkiston ja aineiston luovuttajan tekemän sopimuksen mukaisesti. | In accordance with the agreement between FSD and the depositor.
269,269,Tietoarkiston ja aineiston luovuttajan tekemän sopimuksen mukaisesti. | In accordance with the agreement between FSD and the depositor.
270,270,Tietoarkiston ja aineiston luovuttajan tekemän sopimuksen mukaisesti. | In accordance with the agreement between FSD and the depositor.
271,271,Tietoarkiston ja aineiston luovuttajan tekemän sopimuksen mukaisesti. | In accordance with the agreement between FSD and the depositor.
272,272,Tietoarkiston ja aineiston luovuttajan tekemän sopimuksen mukaisesti. | In accordance with the agreement between FSD and the depositor.
273,273,Tietoarkiston ja aineiston luovuttajan tekemän sopimuksen mukaisesti. | In accordance with the agreement between FSD and the depositor.
274,274,Tietoarkiston ja aineiston luovuttajan tekemän sopimuksen mukaisesti. | In accordance with the agreement between FSD and the depositor.
275,275,CC BY 4.0
276,276,Tietoarkiston ja aineiston luovuttajan tekemän sopimuksen mukaisesti. | In accordance with the agreement between FSD and the depositor.
277,277,Tietoarkiston ja aineiston luovuttajan tekemän sopimuksen mukaisesti. | In accordance with the agreement between FSD and the depositor.
278,278,Tietoarkiston ja aineiston luovuttajan tekemän sopimuksen mukaisesti. | In accordance with the agreement between FSD and the depositor.
279,279,Tietoarkiston ja aineiston luovuttajan tekemän sopimuksen mukaisesti. | In accordance with the agreement between FSD and the depositor.
280,280,Tietoarkiston ja aineiston luovuttajan tekemän sopimuksen mukaisesti. | In accordance with the agreement between FSD and the depositor.
281,281,Tietoarkiston ja aineiston luovuttajan tekemän sopimuksen mukaisesti. | In accordance with the agreement between FSD and the depositor.
282,282,Tietoarkiston ja aineiston luovuttajan tekemän sopimuksen mukaisesti. | In accordance with the agreement between FSD and the depositor.
283,283,Tietoarkiston ja aineiston luovuttajan tekemän sopimuksen mukaisesti. | In accordance with the agreement between FSD and the depositor.
284,284,Tietoarkiston ja aineiston luovuttajan tekemän sopimuksen mukaisesti. | In accordance with the agreement between FSD and the depositor.
285,285,Tietoarkiston ja aineiston luovuttajan tekemän sopimuksen mukaisesti. | In accordance with the agreement between FSD and the depositor.
286,286,Tietoarkiston ja aineiston luovuttajan tekemän sopimuksen mukaisesti. | In accordance with the agreement between FSD and the depositor.
287,287,Tietoarkiston ja aineiston luovuttajan tekemän sopimuksen mukaisesti. | In accordance with the agreement between FSD and the depositor.
288,288,Tietoarkiston ja aineiston luovuttajan tekemän sopimuksen mukaisesti. | In accordance with the agreement between FSD and the depositor.
289,289,Tietoarkiston ja aineiston luovuttajan tekemän sopimuksen mukaisesti. | In accordance with the agreement between FSD and the depositor.
290,290,Tietoarkiston ja aineiston luovuttajan tekemän sopimuksen mukaisesti. | In accordance with the agreement between FSD and the depositor.
291,291,Tietoarkiston ja aineiston luovuttajan tekemän sopimuksen mukaisesti. | In accordance with the agreement between FSD and the depositor.
292,292,Tietoarkiston ja aineiston luovuttajan tekemän sopimuksen mukaisesti. | In accordance with the agreement between FSD and the depositor.
293,293,Tietoarkiston ja aineiston luovuttajan tekemän sopimuksen mukaisesti. | In accordance with the agreement between FSD and the depositor.
294,294,Tietoarkiston ja aineiston luovuttajan tekemän sopimuksen mukaisesti. | In accordance with the agreement between FSD and the depositor.
295,295,Tietoarkiston ja aineiston luovuttajan tekemän sopimuksen mukaisesti. | In accordance with the agreement between FSD and the depositor.
296,296,Tietoarkiston ja aineiston luovuttajan tekemän sopimuksen mukaisesti. | In accordance with the agreement between FSD and the depositor.
297,297,Tietoarkiston ja aineiston luovuttajan tekemän sopimuksen mukaisesti. | In accordance with the agreement between FSD and the depositor.
298,298,Tietoarkiston ja aineiston luovuttajan tekemän sopimuksen mukaisesti. | In accordance with the agreement between FSD and the depositor.
299,299,Tietoarkiston ja aineiston luovuttajan tekemän sopimuksen mukaisesti. | In accordance with the agreement between FSD and the depositor.
300,300,Tietoarkiston ja aineiston luovuttajan tekemän sopimuksen mukaisesti. | In accordance with the agreement between FSD and the depositor.
301,301,Tietoarkiston ja aineiston luovuttajan tekemän sopimuksen mukaisesti. | In accordance with the agreement between FSD and the depositor.
302,302,Tietoarkiston ja aineiston luovuttajan tekemän sopimuksen mukaisesti. | In accordance with the agreement between FSD and the depositor.
303,303,Tietoarkiston ja aineiston luovuttajan tekemän sopimuksen mukaisesti. | In accordance with the agreement between FSD and the depositor.
304,304,Tietoarkiston ja aineiston luovuttajan tekemän sopimuksen mukaisesti. | In accordance with the agreement between FSD and the depositor.
305,305,Tietoarkiston ja aineiston luovuttajan tekemän sopimuksen mukaisesti. | In accordance with the agreement between FSD and the depositor.
306,306,Tietoarkiston ja aineiston luovuttajan tekemän sopimuksen mukaisesti. | In accordance with the agreement between FSD and the depositor.
307,307,Tietoarkiston ja aineiston luovuttajan tekemän sopimuksen mukaisesti. | In accordance with the agreement between FSD and the depositor.
308,308,Tietoarkiston ja aineiston luovuttajan tekemän sopimuksen mukaisesti. | In accordance with the agreement between FSD and the depositor.
309,309,Tietoarkiston ja aineiston luovuttajan tekemän sopimuksen mukaisesti. | In accordance with the agreement between FSD and the depositor.
310,310,Tietoarkiston ja aineiston luovuttajan tekemän sopimuksen mukaisesti. | In accordance with the agreement between FSD and the depositor.
311,311,Tietoarkiston ja aineiston luovuttajan tekemän sopimuksen mukaisesti. | In accordance with the agreement between FSD and the depositor.
312,312,Tietoarkiston ja aineiston luovuttajan tekemän sopimuksen mukaisesti. | In accordance with the agreement between FSD and the depositor.
313,313,Tietoarkiston ja aineiston luovuttajan tekemän sopimuksen mukaisesti. | In accordance with the agreement between FSD and the depositor.
314,314,Tietoarkiston ja aineiston luovuttajan tekemän sopimuksen mukaisesti. | In accordance with the agreement between FSD and the depositor.
315,315,Tietoarkiston ja aineiston luovuttajan tekemän sopimuksen mukaisesti. | In accordance with the agreement between FSD and the depositor.
316,316,Tietoarkiston ja aineiston luovuttajan tekemän sopimuksen mukaisesti. | In accordance with the agreement between FSD and the depositor.
317,317,Tietoarkiston ja aineiston luovuttajan tekemän sopimuksen mukaisesti. | In accordance with the agreement between FSD and the depositor.
318,318,Tietoarkiston ja aineiston luovuttajan tekemän sopimuksen mukaisesti. | In accordance with the agreement between FSD and the depositor.
319,319,Tietoarkiston ja aineiston luovuttajan tekemän sopimuksen mukaisesti. | In accordance with the agreement between FSD and the depositor.
320,320,Tietoarkiston ja aineiston luovuttajan tekemän sopimuksen mukaisesti. | In accordance with the agreement between FSD and the depositor.
321,321,Tietoarkiston ja aineiston luovuttajan tekemän sopimuksen mukaisesti. | In accordance with the agreement between FSD and the depositor.
322,322,Tietoarkiston ja aineiston luovuttajan tekemän sopimuksen mukaisesti. | In accordance with the agreement between FSD and the depositor.
323,323,Tietoarkiston ja aineiston luovuttajan tekemän sopimuksen mukaisesti. | In accordance with the agreement between FSD and the depositor.
324,324,Tietoarkiston ja aineiston luovuttajan tekemän sopimuksen mukaisesti. | In accordance with the agreement between FSD and the depositor.
325,325,Tietoarkiston ja aineiston luovuttajan tekemän sopimuksen mukaisesti. | In accordance with the agreement between FSD and the depositor.
326,326,Tietoarkiston ja aineiston luovuttajan tekemän sopimuksen mukaisesti. | In accordance with the agreement between FSD and the depositor.
327,327,Tietoarkiston ja aineiston luovuttajan tekemän sopimuksen mukaisesti. | In accordance with the agreement between FSD and the depositor.
328,328,Tietoarkiston ja aineiston luovuttajan tekemän sopimuksen mukaisesti. | In accordance with the agreement between FSD and the depositor.
329,329,Tietoarkiston ja aineiston luovuttajan tekemän sopimuksen mukaisesti. | In accordance with the agreement between FSD and the depositor.
330,330,Tietoarkiston ja aineiston luovuttajan tekemän sopimuksen mukaisesti. | In accordance with the agreement between FSD and the depositor.
331,331,Tietoarkiston ja aineiston luovuttajan tekemän sopimuksen mukaisesti. | In accordance with the agreement between FSD and the depositor.
332,332,Tietoarkiston ja aineiston luovuttajan tekemän sopimuksen mukaisesti. | In accordance with the agreement between FSD and the depositor.
333,333,Tietoarkiston ja aineiston luovuttajan tekemän sopimuksen mukaisesti. | In accordance with the agreement between FSD and the depositor.
334,334,CC BY 4.0
335,335,Tietoarkiston ja aineiston luovuttajan tekemän sopimuksen mukaisesti. | In accordance with the agreement between FSD and the depositor.
336,336,Tietoarkiston ja aineiston luovuttajan tekemän sopimuksen mukaisesti. | In accordance with the agreement between FSD and the depositor.
337,337,Tietoarkiston ja aineiston luovuttajan tekemän sopimuksen mukaisesti. | In accordance with the agreement between FSD and the depositor.
338,338,Tietoarkiston ja aineiston luovuttajan tekemän sopimuksen mukaisesti. | In accordance with the agreement between FSD and the depositor.
339,339,Tietoarkiston ja aineiston luovuttajan tekemän sopimuksen mukaisesti. | In accordance with the agreement between FSD and the depositor.
340,340,Tietoarkiston ja aineiston luovuttajan tekemän sopimuksen mukaisesti. | In accordance with the agreement between FSD and the depositor.
341,341,Tietoarkiston ja aineiston luovuttajan tekemän sopimuksen mukaisesti. | In accordance with the agreement between FSD and the depositor.
342,342,Tietoarkiston ja aineiston luovuttajan tekemän sopimuksen mukaisesti. | In accordance with the agreement between FSD and the depositor.
343,343,Tietoarkiston ja aineiston luovuttajan tekemän sopimuksen mukaisesti. | In accordance with the agreement between FSD and the depositor.
344,344,Tietoarkiston ja aineiston luovuttajan tekemän sopimuksen mukaisesti. | In accordance with the agreement between FSD and the depositor.
345,345,Tietoarkiston ja aineiston luovuttajan tekemän sopimuksen mukaisesti. | In accordance with the agreement between FSD and the depositor.
346,346,Tietoarkiston ja aineiston luovuttajan tekemän sopimuksen mukaisesti. | In accordance with the agreement between FSD and the depositor.
347,347,Tietoarkiston ja aineiston luovuttajan tekemän sopimuksen mukaisesti. | In accordance with the agreement between FSD and the depositor.
348,348,Tietoarkiston ja aineiston luovuttajan tekemän sopimuksen mukaisesti. | In accordance with the agreement between FSD and the depositor.
349,349,Tietoarkiston ja aineiston luovuttajan tekemän sopimuksen mukaisesti. | In accordance with the agreement between FSD and the depositor.
350,350,Tietoarkiston ja aineiston luovuttajan tekemän sopimuksen mukaisesti. | In accordance with the agreement between FSD and the depositor.
351,351,Tietoarkiston ja aineiston luovuttajan tekemän sopimuksen mukaisesti. | In accordance with the agreement between FSD and the depositor.
352,352,Tietoarkiston ja aineiston luovuttajan tekemän sopimuksen mukaisesti. | In accordance with the agreement between FSD and the depositor.
353,353,Tietoarkiston ja aineiston luovuttajan tekemän sopimuksen mukaisesti. | In accordance with the agreement between FSD and the depositor.
354,354,Tietoarkiston ja aineiston luovuttajan tekemän sopimuksen mukaisesti. | In accordance with the agreement between FSD and the depositor.
355,355,Tietoarkiston ja aineiston luovuttajan tekemän sopimuksen mukaisesti. | In accordance with the agreement between FSD and the depositor.
356,356,Tietoarkiston ja aineiston luovuttajan tekemän sopimuksen mukaisesti. | In accordance with the agreement between FSD and the depositor.
357,357,Tietoarkiston ja aineiston luovuttajan tekemän sopimuksen mukaisesti. | In accordance with the agreement between FSD and the depositor.
358,358,Tietoarkiston ja aineiston luovuttajan tekemän sopimuksen mukaisesti. | In accordance with the agreement between FSD and the depositor.
359,359,Tietoarkiston ja aineiston luovuttajan tekemän sopimuksen mukaisesti. | In accordance with the agreement between FSD and the depositor.
360,360,Tietoarkiston ja aineiston luovuttajan tekemän sopimuksen mukaisesti. | In accordance with the agreement between FSD and the depositor.
361,361,Tietoarkiston ja aineiston luovuttajan tekemän sopimuksen mukaisesti. | In accordance with the agreement between FSD and the depositor.
362,362,Tietoarkiston ja aineiston luovuttajan tekemän sopimuksen mukaisesti. | In accordance with the agreement between FSD and the depositor.
363,363,Tietoarkiston ja aineiston luovuttajan tekemän sopimuksen mukaisesti. | In accordance with the agreement between FSD and the depositor.
364,364,Tietoarkiston ja aineiston luovuttajan tekemän sopimuksen mukaisesti. | In accordance with the agreement between FSD and the depositor.
365,365,Tietoarkiston ja aineiston luovuttajan tekemän sopimuksen mukaisesti. | In accordance with the agreement between FSD and the depositor.
366,366,Tietoarkiston ja aineiston luovuttajan tekemän sopimuksen mukaisesti. | In accordance with the agreement between FSD and the depositor.
367,367,Tietoarkiston ja aineiston luovuttajan tekemän sopimuksen mukaisesti. | In accordance with the agreement between FSD and the depositor.
368,368,Tietoarkiston ja aineiston luovuttajan tekemän sopimuksen mukaisesti. | In accordance with the agreement between FSD and the depositor.
369,369,Tietoarkiston ja aineiston luovuttajan tekemän sopimuksen mukaisesti. | In accordance with the agreement between FSD and the depositor.
370,370,Tietoarkiston ja aineiston luovuttajan tekemän sopimuksen mukaisesti. | In accordance with the agreement between FSD and the depositor.
371,371,Tietoarkiston ja aineiston luovuttajan tekemän sopimuksen mukaisesti. | In accordance with the agreement between FSD and the depositor.
372,372,Tietoarkiston ja aineiston luovuttajan tekemän sopimuksen mukaisesti. | In accordance with the agreement between FSD and the depositor.
373,373,Tietoarkiston ja aineiston luovuttajan tekemän sopimuksen mukaisesti. | In accordance with the agreement between FSD and the depositor.
374,374,Tietoarkiston ja aineiston luovuttajan tekemän sopimuksen mukaisesti. | In accordance with the agreement between FSD and the depositor.
375,375,Tietoarkiston ja aineiston luovuttajan tekemän sopimuksen mukaisesti. | In accordance with the agreement between FSD and the depositor.
376,376,Tietoarkiston ja aineiston luovuttajan tekemän sopimuksen mukaisesti. | In accordance with the agreement between FSD and the depositor.
377,377,Tietoarkiston ja aineiston luovuttajan tekemän sopimuksen mukaisesti. | In accordance with the agreement between FSD and the depositor.
378,378,Tietoarkiston ja aineiston luovuttajan tekemän sopimuksen mukaisesti. | In accordance with the agreement between FSD and the depositor.
379,379,Tietoarkiston ja aineiston luovuttajan tekemän sopimuksen mukaisesti. | In accordance with the agreement between FSD and the depositor.
380,380,Tietoarkiston ja aineiston luovuttajan tekemän sopimuksen mukaisesti. | In accordance with the agreement between FSD and the depositor.
381,381,Tietoarkiston ja aineiston luovuttajan tekemän sopimuksen mukaisesti. | In accordance with the agreement between FSD and the depositor.
382,382,Tietoarkiston ja aineiston luovuttajan tekemän sopimuksen mukaisesti. | In accordance with the agreement between FSD and the depositor.
383,383,Tietoarkiston ja aineiston luovuttajan tekemän sopimuksen mukaisesti. | In accordance with the agreement between FSD and the depositor.
384,384,Tietoarkiston ja aineiston luovuttajan tekemän sopimuksen mukaisesti. | In accordance with the agreement between FSD and the depositor.
385,385,Tietoarkiston ja aineiston luovuttajan tekemän sopimuksen mukaisesti. | In accordance with the agreement between FSD and the depositor.
386,386,Tietoarkiston ja aineiston luovuttajan tekemän sopimuksen mukaisesti. | In accordance with the agreement between FSD and the depositor.
387,387,Tietoarkiston ja aineiston luovuttajan tekemän sopimuksen mukaisesti. | In accordance with the agreement between FSD and the depositor.
388,388,Tietoarkiston ja aineiston luovuttajan tekemän sopimuksen mukaisesti. | In accordance with the agreement between FSD and the depositor.
389,389,Tietoarkiston ja aineiston luovuttajan tekemän sopimuksen mukaisesti. | In accordance with the agreement between FSD and the depositor.
390,390,Tietoarkiston ja aineiston luovuttajan tekemän sopimuksen mukaisesti. | In accordance with the agreement between FSD and the depositor.
391,391,Tietoarkiston ja aineiston luovuttajan tekemän sopimuksen mukaisesti. | In accordance with the agreement between FSD and the depositor.
392,392,Tietoarkiston ja aineiston luovuttajan tekemän sopimuksen mukaisesti. | In accordance with the agreement between FSD and the depositor.
393,393,Tietoarkiston ja aineiston luovuttajan tekemän sopimuksen mukaisesti. | In accordance with the agreement between FSD and the depositor.
394,394,Tietoarkiston ja aineiston luovuttajan tekemän sopimuksen mukaisesti. | In accordance with the agreement between FSD and the depositor.
395,395,Tietoarkiston ja aineiston luovuttajan tekemän sopimuksen mukaisesti. | In accordance with the agreement between FSD and the depositor.
396,396,Tietoarkiston ja aineiston luovuttajan tekemän sopimuksen mukaisesti. | In accordance with the agreement between FSD and the depositor.
397,397,Tietoarkiston ja aineiston luovuttajan tekemän sopimuksen mukaisesti. | In accordance with the agreement between FSD and the depositor.
398,398,Tietoarkiston ja aineiston luovuttajan tekemän sopimuksen mukaisesti. | In accordance with the agreement between FSD and the depositor.
399,399,Tietoarkiston ja aineiston luovuttajan tekemän sopimuksen mukaisesti. | In accordance with the agreement between FSD and the depositor.
400,400,Tietoarkiston ja aineiston luovuttajan tekemän sopimuksen mukaisesti. | In accordance with the agreement between FSD and the depositor.
401,401,Tietoarkiston ja aineiston luovuttajan tekemän sopimuksen mukaisesti. | In accordance with the agreement between FSD and the depositor.
402,402,Tietoarkiston ja aineiston luovuttajan tekemän sopimuksen mukaisesti. | In accordance with the agreement between FSD and the depositor.
403,403,Tietoarkiston ja aineiston luovuttajan tekemän sopimuksen mukaisesti. | In accordance with the agreement between FSD and the depositor.
404,404,Tietoarkiston ja aineiston luovuttajan tekemän sopimuksen mukaisesti. | In accordance with the agreement between FSD and the depositor.
405,405,Tietoarkiston ja aineiston luovuttajan tekemän sopimuksen mukaisesti. | In accordance with the agreement between FSD and the depositor.
406,406,Tietoarkiston ja aineiston luovuttajan tekemän sopimuksen mukaisesti. | In accordance with the agreement between FSD and the depositor.
407,407,Tietoarkiston ja aineiston luovuttajan tekemän sopimuksen mukaisesti. | In accordance with the agreement between FSD and the depositor.
408,408,Tietoarkiston ja aineiston luovuttajan tekemän sopimuksen mukaisesti. | In accordance with the agreement between FSD and the depositor.
409,409,Tietoarkiston ja aineiston luovuttajan tekemän sopimuksen mukaisesti. | In accordance with the agreement between FSD and the depositor.
410,410,Tietoarkiston ja aineiston luovuttajan tekemän sopimuksen mukaisesti. | In accordance with the agreement between FSD and the depositor.
411,411,Tietoarkiston ja aineiston luovuttajan tekemän sopimuksen mukaisesti. | In accordance with the agreement between FSD and the depositor.
412,412,Tietoarkiston ja aineiston luovuttajan tekemän sopimuksen mukaisesti. | In accordance with the agreement between FSD and the depositor.
413,413,Tietoarkiston ja aineiston luovuttajan tekemän sopimuksen mukaisesti. | In accordance with the agreement between FSD and the depositor.
414,414,Tietoarkiston ja aineiston luovuttajan tekemän sopimuksen mukaisesti. | In accordance with the agreement between FSD and the depositor.
415,415,Tietoarkiston ja aineiston luovuttajan tekemän sopimuksen mukaisesti. | In accordance with the agreement between FSD and the depositor.
416,416,Tietoarkiston ja aineiston luovuttajan tekemän sopimuksen mukaisesti. | In accordance with the agreement between FSD and the depositor.
417,417,Tietoarkiston ja aineiston luovuttajan tekemän sopimuksen mukaisesti. | In accordance with the agreement between FSD and the depositor.
418,418,Tietoarkiston ja aineiston luovuttajan tekemän sopimuksen mukaisesti. | In accordance with the agreement between FSD and the depositor.
419,419,Tietoarkiston ja aineiston luovuttajan tekemän sopimuksen mukaisesti. | In accordance with the agreement between FSD and the depositor.
420,420,Tietoarkiston ja aineiston luovuttajan tekemän sopimuksen mukaisesti. | In accordance with the agreement between FSD and the depositor.
421,421,Tietoarkiston ja aineiston luovuttajan tekemän sopimuksen mukaisesti. | In accordance with the agreement between FSD and the depositor.
422,422,Tietoarkiston ja aineiston luovuttajan tekemän sopimuksen mukaisesti. | In accordance with the agreement between FSD and the depositor.
423,423,Tietoarkiston ja aineiston luovuttajan tekemän sopimuksen mukaisesti. | In accordance with the agreement between FSD and the depositor.
424,424,Tietoarkiston ja aineiston luovuttajan tekemän sopimuksen mukaisesti. | In accordance with the agreement between FSD and the depositor.
425,425,Tietoarkiston ja aineiston luovuttajan tekemän sopimuksen mukaisesti. | In accordance with the agreement between FSD and the depositor.
426,426,Tietoarkiston ja aineiston luovuttajan tekemän sopimuksen mukaisesti. | In accordance with the agreement between FSD and the depositor.
427,427,Tietoarkiston ja aineiston luovuttajan tekemän sopimuksen mukaisesti. | In accordance with the agreement between FSD and the depositor.
428,428,Tietoarkiston ja aineiston luovuttajan tekemän sopimuksen mukaisesti. | In accordance with the agreement between FSD and the depositor.
429,429,Tietoarkiston ja aineiston luovuttajan tekemän sopimuksen mukaisesti. | In accordance with the agreement between FSD and the depositor.
430,430,Tietoarkiston ja aineiston luovuttajan tekemän sopimuksen mukaisesti. | In accordance with the agreement between FSD and the depositor.
431,431,Tietoarkiston ja aineiston luovuttajan tekemän sopimuksen mukaisesti. | In accordance with the agreement between FSD and the depositor.
432,432,Tietoarkiston ja aineiston luovuttajan tekemän sopimuksen mukaisesti. | In accordance with the agreement between FSD and the depositor.
433,433,Tietoarkiston ja aineiston luovuttajan tekemän sopimuksen mukaisesti. | In accordance with the agreement between FSD and the depositor.
434,434,Tietoarkiston ja aineiston luovuttajan tekemän sopimuksen mukaisesti. | In accordance with the agreement between FSD and the depositor.
435,435,Tietoarkiston ja aineiston luovuttajan tekemän sopimuksen mukaisesti. | In accordance with the agreement between FSD and the depositor.
436,436,Tietoarkiston ja aineiston luovuttajan tekemän sopimuksen mukaisesti. | In accordance with the agreement between FSD and the depositor.
437,437,Tietoarkiston ja aineiston luovuttajan tekemän sopimuksen mukaisesti. | In accordance with the agreement between FSD and the depositor.
438,438,Tietoarkiston ja aineiston luovuttajan tekemän sopimuksen mukaisesti. | In accordance with the agreement between FSD and the depositor.
439,439,Tietoarkiston ja aineiston luovuttajan tekemän sopimuksen mukaisesti. | In accordance with the agreement between FSD and the depositor.
440,440,Tietoarkiston ja aineiston luovuttajan tekemän sopimuksen mukaisesti. | In accordance with the agreement between FSD and the depositor.
441,441,Tietoarkiston ja aineiston luovuttajan tekemän sopimuksen mukaisesti. | In accordance with the agreement between FSD and the depositor.
442,442,Tietoarkiston ja aineiston luovuttajan tekemän sopimuksen mukaisesti. | In accordance with the agreement between FSD and the depositor.
443,443,Tietoarkiston ja aineiston luovuttajan tekemän sopimuksen mukaisesti. | In accordance with the agreement between FSD and the depositor.
444,444,CC BY 4.0
445,445,Tietoarkiston ja aineiston luovuttajan tekemän sopimuksen mukaisesti. | In accordance with the agreement between FSD and the depositor.
446,446,Tietoarkiston ja aineiston luovuttajan tekemän sopimuksen mukaisesti. | In accordance with the agreement between FSD and the depositor.
447,447,Tietoarkiston ja aineiston luovuttajan tekemän sopimuksen mukaisesti. | In accordance with the agreement between FSD and the depositor.
448,448,Tietoarkiston ja aineiston luovuttajan tekemän sopimuksen mukaisesti. | In accordance with the agreement between FSD and the depositor.
449,449,Tietoarkiston ja aineiston luovuttajan tekemän sopimuksen mukaisesti. | In accordance with the agreement between FSD and the depositor.
450,450,Tietoarkiston ja aineiston luovuttajan tekemän sopimuksen mukaisesti. | In accordance with the agreement between FSD and the depositor.
451,451,Tietoarkiston ja aineiston luovuttajan tekemän sopimuksen mukaisesti. | In accordance with the agreement between FSD and the depositor.
452,452,Tietoarkiston ja aineiston luovuttajan tekemän sopimuksen mukaisesti. | In accordance with the agreement between FSD and the depositor.
453,453,Tietoarkiston ja aineiston luovuttajan tekemän sopimuksen mukaisesti. | In accordance with the agreement between FSD and the depositor.
454,454,Tietoarkiston ja aineiston luovuttajan tekemän sopimuksen mukaisesti. | In accordance with the agreement between FSD and the depositor.
455,455,Tietoarkiston ja aineiston luovuttajan tekemän sopimuksen mukaisesti. | In accordance with the agreement between FSD and the depositor.
456,456,Tietoarkiston ja aineiston luovuttajan tekemän sopimuksen mukaisesti. | In accordance with the agreement between FSD and the depositor.
457,457,Tietoarkiston ja aineiston luovuttajan tekemän sopimuksen mukaisesti. | In accordance with the agreement between FSD and the depositor.
458,458,Tietoarkiston ja aineiston luovuttajan tekemän sopimuksen mukaisesti. | In accordance with the agreement between FSD and the depositor.
459,459,Tietoarkiston ja aineiston luovuttajan tekemän sopimuksen mukaisesti. | In accordance with the agreement between FSD and the depositor.
460,460,Tietoarkiston ja aineiston luovuttajan tekemän sopimuksen mukaisesti. | In accordance with the agreement between FSD and the depositor.
461,461,Tietoarkiston ja aineiston luovuttajan tekemän sopimuksen mukaisesti. | In accordance with the agreement between FSD and the depositor.
462,462,Tietoarkiston ja aineiston luovuttajan tekemän sopimuksen mukaisesti. | In accordance with the agreement between FSD and the depositor.
463,463,Tietoarkiston ja aineiston luovuttajan tekemän sopimuksen mukaisesti. | In accordance with the agreement between FSD and the depositor.
464,464,Tietoarkiston ja aineiston luovuttajan tekemän sopimuksen mukaisesti. | In accordance with the agreement between FSD and the depositor.
465,465,Tietoarkiston ja aineiston luovuttajan tekemän sopimuksen mukaisesti. | In accordance with the agreement between FSD and the depositor.
466,466,Tietoarkiston ja aineiston luovuttajan tekemän sopimuksen mukaisesti. | In accordance with the agreement between FSD and the depositor.
467,467,Tietoarkiston ja aineiston luovuttajan tekemän sopimuksen mukaisesti. | In accordance with the agreement between FSD and the depositor.
468,468,Tietoarkiston ja aineiston luovuttajan tekemän sopimuksen mukaisesti. | In accordance with the agreement between FSD and the depositor.
469,469,Tietoarkiston ja aineiston luovuttajan tekemän sopimuksen mukaisesti. | In accordance with the agreement between FSD and the depositor.
470,470,Tietoarkiston ja aineiston luovuttajan tekemän sopimuksen mukaisesti. | In accordance with the agreement between FSD and the depositor.
471,471,Tietoarkiston ja aineiston luovuttajan tekemän sopimuksen mukaisesti. | In accordance with the agreement between FSD and the depositor.
472,472,Tietoarkiston ja aineiston luovuttajan tekemän sopimuksen mukaisesti. | In accordance with the agreement between FSD and the depositor.
473,473,Tietoarkiston ja aineiston luovuttajan tekemän sopimuksen mukaisesti. | In accordance with the agreement between FSD and the depositor.
474,474,Tietoarkiston ja aineiston luovuttajan tekemän sopimuksen mukaisesti. | In accordance with the agreement between FSD and the depositor.
475,475,Tietoarkiston ja aineiston luovuttajan tekemän sopimuksen mukaisesti. | In accordance with the agreement between FSD and the depositor.
476,476,Tietoarkiston ja aineiston luovuttajan tekemän sopimuksen mukaisesti. | In accordance with the agreement between FSD and the depositor.
477,477,Tietoarkiston ja aineiston luovuttajan tekemän sopimuksen mukaisesti. | In accordance with the agreement between FSD and the depositor.
478,478,Tietoarkiston ja aineiston luovuttajan tekemän sopimuksen mukaisesti. | In accordance with the agreement between FSD and the depositor.
479,479,Tietoarkiston ja aineiston luovuttajan tekemän sopimuksen mukaisesti. | In accordance with the agreement between FSD and the depositor.
480,480,Tietoarkiston ja aineiston luovuttajan tekemän sopimuksen mukaisesti. | In accordance with the agreement between FSD and the depositor.
481,481,Tietoarkiston ja aineiston luovuttajan tekemän sopimuksen mukaisesti. | In accordance with the agreement between FSD and the depositor.
482,482,Tietoarkiston ja aineiston luovuttajan tekemän sopimuksen mukaisesti. | In accordance with the agreement between FSD and the depositor.
483,483,Tietoarkiston ja aineiston luovuttajan tekemän sopimuksen mukaisesti. | In accordance with the agreement between FSD and the depositor.
484,484,Tietoarkiston ja aineiston luovuttajan tekemän sopimuksen mukaisesti. | In accordance with the agreement between FSD and the depositor.
485,485,Tietoarkiston ja aineiston luovuttajan tekemän sopimuksen mukaisesti. | In accordance with the agreement between FSD and the depositor.
486,486,Tietoarkiston ja aineiston luovuttajan tekemän sopimuksen mukaisesti. | In accordance with the agreement between FSD and the depositor.
487,487,Tietoarkiston ja aineiston luovuttajan tekemän sopimuksen mukaisesti. | In accordance with the agreement between FSD and the depositor.
488,488,Tietoarkiston ja aineiston luovuttajan tekemän sopimuksen mukaisesti. | In accordance with the agreement between FSD and the depositor.
489,489,Tietoarkiston ja aineiston luovuttajan tekemän sopimuksen mukaisesti. | In accordance with the agreement between FSD and the depositor.
490,490,Tietoarkiston ja aineiston luovuttajan tekemän sopimuksen mukaisesti. | In accordance with the agreement between FSD and the depositor.
491,491,Tietoarkiston ja aineiston luovuttajan tekemän sopimuksen mukaisesti. | In accordance with the agreement between FSD and the depositor.
492,492,Tietoarkiston ja aineiston luovuttajan tekemän sopimuksen mukaisesti. | In accordance with the agreement between FSD and the depositor.
493,493,CC BY 4.0
494,494,Tietoarkiston ja aineiston luovuttajan tekemän sopimuksen mukaisesti. | In accordance with the agreement between FSD and the depositor.
495,495,Tietoarkiston ja aineiston luovuttajan tekemän sopimuksen mukaisesti. | In accordance with the agreement between FSD and the depositor.
496,496,Tietoarkiston ja aineiston luovuttajan tekemän sopimuksen mukaisesti. | In accordance with the agreement between FSD and the depositor.
497,497,Tietoarkiston ja aineiston luovuttajan tekemän sopimuksen mukaisesti. | In accordance with the agreement between FSD and the depositor.
498,498,Tietoarkiston ja aineiston luovuttajan tekemän sopimuksen mukaisesti. | In accordance with the agreement between FSD and the depositor.
499,499,Tietoarkiston ja aineiston luovuttajan tekemän sopimuksen mukaisesti. | In accordance with the agreement between FSD and the depositor.
500,500,Tietoarkiston ja aineiston luovuttajan tekemän sopimuksen mukaisesti. | In accordance with the agreement between FSD and the depositor.
501,501,Tietoarkiston ja aineiston luovuttajan tekemän sopimuksen mukaisesti. | In accordance with the agreement between FSD and the depositor.
502,502,Tietoarkiston ja aineiston luovuttajan tekemän sopimuksen mukaisesti. | In accordance with the agreement between FSD and the depositor.
503,503,Tietoarkiston ja aineiston luovuttajan tekemän sopimuksen mukaisesti. | In accordance with the agreement between FSD and the depositor.
504,504,Tietoarkiston ja aineiston luovuttajan tekemän sopimuksen mukaisesti. | In accordance with the agreement between FSD and the depositor.
505,505,Tietoarkiston ja aineiston luovuttajan tekemän sopimuksen mukaisesti. | In accordance with the agreement between FSD and the depositor.
506,506,Tietoarkiston ja aineiston luovuttajan tekemän sopimuksen mukaisesti. | In accordance with the agreement between FSD and the depositor.
507,507,Tietoarkiston ja aineiston luovuttajan tekemän sopimuksen mukaisesti. | In accordance with the agreement between FSD and the depositor.
508,508,Tietoarkiston ja aineiston luovuttajan tekemän sopimuksen mukaisesti. | In accordance with the agreement between FSD and the depositor.
509,509,Tietoarkiston ja aineiston luovuttajan tekemän sopimuksen mukaisesti. | In accordance with the agreement between FSD and the depositor.
510,510,Tietoarkiston ja aineiston luovuttajan tekemän sopimuksen mukaisesti. | In accordance with the agreement between FSD and the depositor.
511,511,Tietoarkiston ja aineiston luovuttajan tekemän sopimuksen mukaisesti. | In accordance with the agreement between FSD and the depositor.
512,512,Tietoarkiston ja aineiston luovuttajan tekemän sopimuksen mukaisesti. | In accordance with the agreement between FSD and the depositor.
513,513,Tietoarkiston ja aineiston luovuttajan tekemän sopimuksen mukaisesti. | In accordance with the agreement between FSD and the depositor.
514,514,Tietoarkiston ja aineiston luovuttajan tekemän sopimuksen mukaisesti. | In accordance with the agreement between FSD and the depositor.
515,515,Tietoarkiston ja aineiston luovuttajan tekemän sopimuksen mukaisesti. | In accordance with the agreement between FSD and the depositor.
516,516,Tietoarkiston ja aineiston luovuttajan tekemän sopimuksen mukaisesti. | In accordance with the agreement between FSD and the depositor.
517,517,Tietoarkiston ja aineiston luovuttajan tekemän sopimuksen mukaisesti. | In accordance with the agreement between FSD and the depositor.
518,518,Tietoarkiston ja aineiston luovuttajan tekemän sopimuksen mukaisesti. | In accordance with the agreement between FSD and the depositor.
519,519,Tietoarkiston ja aineiston luovuttajan tekemän sopimuksen mukaisesti. | In accordance with the agreement between FSD and the depositor.
520,520,Tietoarkiston ja aineiston luovuttajan tekemän sopimuksen mukaisesti. | In accordance with the agreement between FSD and the depositor.
521,521,Tietoarkiston ja aineiston luovuttajan tekemän sopimuksen mukaisesti. | In accordance with the agreement between FSD and the depositor.
522,522,Tietoarkiston ja aineiston luovuttajan tekemän sopimuksen mukaisesti. | In accordance with the agreement between FSD and the depositor.
523,523,Tietoarkiston ja aineiston luovuttajan tekemän sopimuksen mukaisesti. | In accordance with the agreement between FSD and the depositor.
524,524,Tietoarkiston ja aineiston luovuttajan tekemän sopimuksen mukaisesti. | In accordance with the agreement between FSD and the depositor.
525,525,Tietoarkiston ja aineiston luovuttajan tekemän sopimuksen mukaisesti. | In accordance with the agreement between FSD and the depositor.
526,526,Tietoarkiston ja aineiston luovuttajan tekemän sopimuksen mukaisesti. | In accordance with the agreement between FSD and the depositor.
527,527,Tietoarkiston ja aineiston luovuttajan tekemän sopimuksen mukaisesti. | In accordance with the agreement between FSD and the depositor.
528,528,Tietoarkiston ja aineiston luovuttajan tekemän sopimuksen mukaisesti. | In accordance with the agreement between FSD and the depositor.
529,529,Tietoarkiston ja aineiston luovuttajan tekemän sopimuksen mukaisesti. | In accordance with the agreement between FSD and the depositor.
530,530,Tietoarkiston ja aineiston luovuttajan tekemän sopimuksen mukaisesti. | In accordance with the agreement between FSD and the depositor.
531,531,Tietoarkiston ja aineiston luovuttajan tekemän sopimuksen mukaisesti. | In accordance with the agreement between FSD and the depositor.
532,532,Tietoarkiston ja aineiston luovuttajan tekemän sopimuksen mukaisesti. | In accordance with the agreement between FSD and the depositor.
533,533,Tietoarkiston ja aineiston luovuttajan tekemän sopimuksen mukaisesti. | In accordance with the agreement between FSD and the depositor.
534,534,Tietoarkiston ja aineiston luovuttajan tekemän sopimuksen mukaisesti. | In accordance with the agreement between FSD and the depositor.
535,535,Tietoarkiston ja aineiston luovuttajan tekemän sopimuksen mukaisesti. | In accordance with the agreement between FSD and the depositor.
536,536,Tietoarkiston ja aineiston luovuttajan tekemän sopimuksen mukaisesti. | In accordance with the agreement between FSD and the depositor.
537,537,Tietoarkiston ja aineiston luovuttajan tekemän sopimuksen mukaisesti. | In accordance with the agreement between FSD and the depositor.
538,538,Tietoarkiston ja aineiston luovuttajan tekemän sopimuksen mukaisesti. | In accordance with the agreement between FSD and the depositor.
539,539,Tietoarkiston ja aineiston luovuttajan tekemän sopimuksen mukaisesti. | In accordance with the agreement between FSD and the depositor.
540,540,Tietoarkiston ja aineiston luovuttajan tekemän sopimuksen mukaisesti. | In accordance with the agreement between FSD and the depositor.
541,541,Tietoarkiston ja aineiston luovuttajan tekemän sopimuksen mukaisesti. | In accordance with the agreement between FSD and the depositor.
542,542,Tietoarkiston ja aineiston luovuttajan tekemän sopimuksen mukaisesti. | In accordance with the agreement between FSD and the depositor.
543,543,Tietoarkiston ja aineiston luovuttajan tekemän sopimuksen mukaisesti. | In accordance with the agreement between FSD and the depositor.
544,544,Tietoarkiston ja aineiston luovuttajan tekemän sopimuksen mukaisesti. | In accordance with the agreement between FSD and the depositor.
545,545,Tietoarkiston ja aineiston luovuttajan tekemän sopimuksen mukaisesti. | In accordance with the agreement between FSD and the depositor.
546,546,Tietoarkiston ja aineiston luovuttajan tekemän sopimuksen mukaisesti. | In accordance with the agreement between FSD and the depositor.
547,547,Tietoarkiston ja aineiston luovuttajan tekemän sopimuksen mukaisesti. | In accordance with the agreement between FSD and the depositor.
548,548,Tietoarkiston ja aineiston luovuttajan tekemän sopimuksen mukaisesti. | In accordance with the agreement between FSD and the depositor.
549,549,Tietoarkiston ja aineiston luovuttajan tekemän sopimuksen mukaisesti. | In accordance with the agreement between FSD and the depositor.
550,550,Tietoarkiston ja aineiston luovuttajan tekemän sopimuksen mukaisesti. | In accordance with the agreement between FSD and the depositor.
551,551,Tietoarkiston ja aineiston luovuttajan tekemän sopimuksen mukaisesti. | In accordance with the agreement between FSD and the depositor.
552,552,Tietoarkiston ja aineiston luovuttajan tekemän sopimuksen mukaisesti. | In accordance with the agreement between FSD and the depositor.
553,553,Tietoarkiston ja aineiston luovuttajan tekemän sopimuksen mukaisesti. | In accordance with the agreement between FSD and the depositor.
554,554,Tietoarkiston ja aineiston luovuttajan tekemän sopimuksen mukaisesti. | In accordance with the agreement between FSD and the depositor.
555,555,Tietoarkiston ja aineiston luovuttajan tekemän sopimuksen mukaisesti. | In accordance with the agreement between FSD and the depositor.
556,556,Tietoarkiston ja aineiston luovuttajan tekemän sopimuksen mukaisesti. | In accordance with the agreement between FSD and the depositor.
557,557,CC BY 4.0
558,558,Tietoarkiston ja aineiston luovuttajan tekemän sopimuksen mukaisesti. | In accordance with the agreement between FSD and the depositor.
559,559,Tietoarkiston ja aineiston luovuttajan tekemän sopimuksen mukaisesti. | In accordance with the agreement between FSD and the depositor.
560,560,Tietoarkiston ja aineiston luovuttajan tekemän sopimuksen mukaisesti. | In accordance with the agreement between FSD and the depositor.
561,561,Tietoarkiston ja aineiston luovuttajan tekemän sopimuksen mukaisesti. | In accordance with the agreement between FSD and the depositor.
562,562,Tietoarkiston ja aineiston luovuttajan tekemän sopimuksen mukaisesti. | In accordance with the agreement between FSD and the depositor.
563,563,Tietoarkiston ja aineiston luovuttajan tekemän sopimuksen mukaisesti. | In accordance with the agreement between FSD and the depositor.
564,564,Tietoarkiston ja aineiston luovuttajan tekemän sopimuksen mukaisesti. | In accordance with the agreement between FSD and the depositor.
565,565,Tietoarkiston ja aineiston luovuttajan tekemän sopimuksen mukaisesti. | In accordance with the agreement between FSD and the depositor.
566,566,Tietoarkiston ja aineiston luovuttajan tekemän sopimuksen mukaisesti. | In accordance with the agreement between FSD and the depositor.
567,567,Tietoarkiston ja aineiston luovuttajan tekemän sopimuksen mukaisesti. | In accordance with the agreement between FSD and the depositor.
568,568,Tietoarkiston ja aineiston luovuttajan tekemän sopimuksen mukaisesti. | In accordance with the agreement between FSD and the depositor.
569,569,Tietoarkiston ja aineiston luovuttajan tekemän sopimuksen mukaisesti. | In accordance with the agreement between FSD and the depositor.
570,570,CC BY 4.0
571,571,Tietoarkiston ja aineiston luovuttajan tekemän sopimuksen mukaisesti. | In accordance with the agreement between FSD and the depositor.
572,572,Tietoarkiston ja aineiston luovuttajan tekemän sopimuksen mukaisesti. | In accordance with the agreement between FSD and the depositor.
573,573,Tietoarkiston ja aineiston luovuttajan tekemän sopimuksen mukaisesti. | In accordance with the agreement between FSD and the depositor.
574,574,Tietoarkiston ja aineiston luovuttajan tekemän sopimuksen mukaisesti. | In accordance with the agreement between FSD and the depositor.
575,575,Tietoarkiston ja aineiston luovuttajan tekemän sopimuksen mukaisesti. | In accordance with the agreement between FSD and the depositor.
576,576,Tietoarkiston ja aineiston luovuttajan tekemän sopimuksen mukaisesti. | In accordance with the agreement between FSD and the depositor.
577,577,Tietoarkiston ja aineiston luovuttajan tekemän sopimuksen mukaisesti. | In accordance with the agreement between FSD and the depositor.
578,578,Tietoarkiston ja aineiston luovuttajan tekemän sopimuksen mukaisesti. | In accordance with the agreement between FSD and the depositor.
579,579,Tietoarkiston ja aineiston luovuttajan tekemän sopimuksen mukaisesti. | In accordance with the agreement between FSD and the depositor.
580,580,Tietoarkiston ja aineiston luovuttajan tekemän sopimuksen mukaisesti. | In accordance with the agreement between FSD and the depositor.
581,581,Tietoarkiston ja aineiston luovuttajan tekemän sopimuksen mukaisesti. | In accordance with the agreement between FSD and the depositor.
582,582,Tietoarkiston ja aineiston luovuttajan tekemän sopimuksen mukaisesti. | In accordance with the agreement between FSD and the depositor.
583,583,Tietoarkiston ja aineiston luovuttajan tekemän sopimuksen mukaisesti. | In accordance with the agreement between FSD and the depositor.
584,584,Tietoarkiston ja aineiston luovuttajan tekemän sopimuksen mukaisesti. | In accordance with the agreement between FSD and the depositor.
585,585,Tietoarkiston ja aineiston luovuttajan tekemän sopimuksen mukaisesti. | In accordance with the agreement between FSD and the depositor.
586,586,Tietoarkiston ja aineiston luovuttajan tekemän sopimuksen mukaisesti. | In accordance with the agreement between FSD and the depositor.
587,587,Tietoarkiston ja aineiston luovuttajan tekemän sopimuksen mukaisesti. | In accordance with the agreement between FSD and the depositor.
588,588,Tietoarkiston ja aineiston luovuttajan tekemän sopimuksen mukaisesti. | In accordance with the agreement between FSD and the depositor.
589,589,Tietoarkiston ja aineiston luovuttajan tekemän sopimuksen mukaisesti. | In accordance with the agreement between FSD and the depositor.
590,590,Tietoarkiston ja aineiston luovuttajan tekemän sopimuksen mukaisesti. | In accordance with the agreement between FSD and the depositor.
591,591,Tietoarkiston ja aineiston luovuttajan tekemän sopimuksen mukaisesti. | In accordance with the agreement between FSD and the depositor.
592,592,Tietoarkiston ja aineiston luovuttajan tekemän sopimuksen mukaisesti. | In accordance with the agreement between FSD and the depositor.
593,593,Tietoarkiston ja aineiston luovuttajan tekemän sopimuksen mukaisesti. | In accordance with the agreement between FSD and the depositor.
594,594,Tietoarkiston ja aineiston luovuttajan tekemän sopimuksen mukaisesti. | In accordance with the agreement between FSD and the depositor.
595,595,Tietoarkiston ja aineiston luovuttajan tekemän sopimuksen mukaisesti. | In accordance with the agreement between FSD and the depositor.
596,596,Tietoarkiston ja aineiston luovuttajan tekemän sopimuksen mukaisesti. | In accordance with the agreement between FSD and the depositor.
597,597,Tietoarkiston ja aineiston luovuttajan tekemän sopimuksen mukaisesti. | In accordance with the agreement between FSD and the depositor.
598,598,Tietoarkiston ja aineiston luovuttajan tekemän sopimuksen mukaisesti. | In accordance with the agreement between FSD and the depositor.
599,599,Tietoarkiston ja aineiston luovuttajan tekemän sopimuksen mukaisesti. | In accordance with the agreement between FSD and the depositor.
600,600,CC BY 4.0
601,601,Tietoarkiston ja aineiston luovuttajan tekemän sopimuksen mukaisesti. | In accordance with the agreement between FSD and the depositor.
602,602,Tietoarkiston ja aineiston luovuttajan tekemän sopimuksen mukaisesti. | In accordance with the agreement between FSD and the depositor.
603,603,Tietoarkiston ja aineiston luovuttajan tekemän sopimuksen mukaisesti. | In accordance with the agreement between FSD and the depositor.
604,604,Tietoarkiston ja aineiston luovuttajan tekemän sopimuksen mukaisesti. | In accordance with the agreement between FSD and the depositor.
605,605,Tietoarkiston ja aineiston luovuttajan tekemän sopimuksen mukaisesti. | In accordance with the agreement between FSD and the depositor.
606,606,Tietoarkiston ja aineiston luovuttajan tekemän sopimuksen mukaisesti. | In accordance with the agreement between FSD and the depositor.
607,607,Tietoarkiston ja aineiston luovuttajan tekemän sopimuksen mukaisesti. | In accordance with the agreement between FSD and the depositor.
608,608,Tietoarkiston ja aineiston luovuttajan tekemän sopimuksen mukaisesti. | In accordance with the agreement between FSD and the depositor.
609,609,Tietoarkiston ja aineiston luovuttajan tekemän sopimuksen mukaisesti. | In accordance with the agreement between FSD and the depositor.
610,610,Tietoarkiston ja aineiston luovuttajan tekemän sopimuksen mukaisesti. | In accordance with the agreement between FSD and the depositor.
611,611,Tietoarkiston ja aineiston luovuttajan tekemän sopimuksen mukaisesti. | In accordance with the agreement between FSD and the depositor.
612,612,Tietoarkiston ja aineiston luovuttajan tekemän sopimuksen mukaisesti. | In accordance with the agreement between FSD and the depositor.
613,613,Tietoarkiston ja aineiston luovuttajan tekemän sopimuksen mukaisesti. | In accordance with the agreement between FSD and the depositor.
614,614,Tietoarkiston ja aineiston luovuttajan tekemän sopimuksen mukaisesti. | In accordance with the agreement between FSD and the depositor.
615,615,Tietoarkiston ja aineiston luovuttajan tekemän sopimuksen mukaisesti. | In accordance with the agreement between FSD and the depositor.
616,616,Tietoarkiston ja aineiston luovuttajan tekemän sopimuksen mukaisesti. | In accordance with the agreement between FSD and the depositor.
617,617,Tietoarkiston ja aineiston luovuttajan tekemän sopimuksen mukaisesti. | In accordance with the agreement between FSD and the depositor.
618,618,Tietoarkiston ja aineiston luovuttajan tekemän sopimuksen mukaisesti. | In accordance with the agreement between FSD and the depositor.
619,619,Tietoarkiston ja aineiston luovuttajan tekemän sopimuksen mukaisesti. | In accordance with the agreement between FSD and the depositor.
620,620,Tietoarkiston ja aineiston luovuttajan tekemän sopimuksen mukaisesti. | In accordance with the agreement between FSD and the depositor.
621,621,Tietoarkiston ja aineiston luovuttajan tekemän sopimuksen mukaisesti. | In accordance with the agreement between FSD and the depositor.
622,622,Tietoarkiston ja aineiston luovuttajan tekemän sopimuksen mukaisesti. | In accordance with the agreement between FSD and the depositor.
623,623,Tietoarkiston ja aineiston luovuttajan tekemän sopimuksen mukaisesti. | In accordance with the agreement between FSD and the depositor.
624,624,Tietoarkiston ja aineiston luovuttajan tekemän sopimuksen mukaisesti. | In accordance with the agreement between FSD and the depositor.
625,625,Tietoarkiston ja aineiston luovuttajan tekemän sopimuksen mukaisesti. | In accordance with the agreement between FSD and the depositor.
626,626,Tietoarkiston ja aineiston luovuttajan tekemän sopimuksen mukaisesti. | In accordance with the agreement between FSD and the depositor.
627,627,Tietoarkiston ja aineiston luovuttajan tekemän sopimuksen mukaisesti. | In accordance with the agreement between FSD and the depositor.
628,628,Tietoarkiston ja aineiston luovuttajan tekemän sopimuksen mukaisesti. | In accordance with the agreement between FSD and the depositor.
629,629,Tietoarkiston ja aineiston luovuttajan tekemän sopimuksen mukaisesti. | In accordance with the agreement between FSD and the depositor.
630,630,Tietoarkiston ja aineiston luovuttajan tekemän sopimuksen mukaisesti. | In accordance with the agreement between FSD and the depositor.
631,631,Tietoarkiston ja aineiston luovuttajan tekemän sopimuksen mukaisesti. | In accordance with the agreement between FSD and the depositor.
632,632,Tietoarkiston ja aineiston luovuttajan tekemän sopimuksen mukaisesti. | In accordance with the agreement between FSD and the depositor.
633,633,Tietoarkiston ja aineiston luovuttajan tekemän sopimuksen mukaisesti. | In accordance with the agreement between FSD and the depositor.
634,634,Tietoarkiston ja aineiston luovuttajan tekemän sopimuksen mukaisesti. | In accordance with the agreement between FSD and the depositor.
635,635,Tietoarkiston ja aineiston luovuttajan tekemän sopimuksen mukaisesti. | In accordance with the agreement between FSD and the depositor.
636,636,Tietoarkiston ja aineiston luovuttajan tekemän sopimuksen mukaisesti. | In accordance with the agreement between FSD and the depositor.
637,637,Tietoarkiston ja aineiston luovuttajan tekemän sopimuksen mukaisesti. | In accordance with the agreement between FSD and the depositor.
638,638,Tietoarkiston ja aineiston luovuttajan tekemän sopimuksen mukaisesti. | In accordance with the agreement between FSD and the depositor.
639,639,Tietoarkiston ja aineiston luovuttajan tekemän sopimuksen mukaisesti. | In accordance with the agreement between FSD and the depositor.
640,640,Tietoarkiston ja aineiston luovuttajan tekemän sopimuksen mukaisesti. | In accordance with the agreement between FSD and the depositor.
641,641,Tietoarkiston ja aineiston luovuttajan tekemän sopimuksen mukaisesti. | In accordance with the agreement between FSD and the depositor.
642,642,Tietoarkiston ja aineiston luovuttajan tekemän sopimuksen mukaisesti. | In accordance with the agreement between FSD and the depositor.
643,643,Tietoarkiston ja aineiston luovuttajan tekemän sopimuksen mukaisesti. | In accordance with the agreement between FSD and the depositor.
644,644,Tietoarkiston ja aineiston luovuttajan tekemän sopimuksen mukaisesti. | In accordance with the agreement between FSD and the depositor.
645,645,Tietoarkiston ja aineiston luovuttajan tekemän sopimuksen mukaisesti. | In accordance with the agreement between FSD and the depositor.
646,646,Tietoarkiston ja aineiston luovuttajan tekemän sopimuksen mukaisesti. | In accordance with the agreement between FSD and the depositor.
647,647,Tietoarkiston ja aineiston luovuttajan tekemän sopimuksen mukaisesti. | In accordance with the agreement between FSD and the depositor.
648,648,Tietoarkiston ja aineiston luovuttajan tekemän sopimuksen mukaisesti. | In accordance with the agreement between FSD and the depositor.
649,649,Tietoarkiston ja aineiston luovuttajan tekemän sopimuksen mukaisesti. | In accordance with the agreement between FSD and the depositor.
